{
  "version": 1,
  "author": "Anonymous maker",
  "editor": "wokwi",
  "parts": [
    { "type": "wokwi-arduino-uno", "id": "uno", "top": 10.2, "left": 85.8, "attrs": {} },
    {
      "type": "wokwi-rgb-led",
      "id": "rgb1",
      "top": -207.2,
      "left": 260.3,
      "attrs": { "common": "cathode" }
    },
    {
      "type": "wokwi-rgb-led",
      "id": "rgb2",
      "top": -207.2,
      "left": 404.3,
      "attrs": { "common": "cathode" }
    },
    {
      "type": "wokwi-servo",
      "id": "servo1",
      "top": -394.6,
      "left": 193.8,
      "rotate": 270,
      "attrs": { "hornColor": "#000088" }
    },
    {
      "type": "wokwi-servo",
      "id": "servo2",
      "top": -404.2,
      "left": 337.8,
      "rotate": 270,
      "attrs": {"hornColor": "RED" }
    }
  ],
  "connections": [
    [ "uno:13", "rgb1:R", "green", [ "v0" ] ],
    [ "uno:11", "rgb1:G", "green", [ "v-144", "h58.2" ] ],
    [ "uno:GND.1", "rgb2:COM", "black", [ "v-67.2", "h240.3" ] ],
    [ "uno:GND.1", "rgb1:COM", "black", [ "v-67.2", "h105.9" ] ],
    [ "uno:10", "rgb2:R", "green", [ "v-48", "h58.3" ] ],
    [ "uno:9", "rgb2:G", "green", [ "v-28.8", "h58.4" ] ],
    [ "servo1:GND", "uno:GND.1", "black", [ "v9.6", "h-67.2", "v192" ] ],
    [ "uno:5V", "servo1:V+", "red", [ "v76.7", "h-217", "v-499.2", "h201.6" ] ],
    [ "uno:7", "servo1:PWM", "green", [ "v-57.6", "h42", "v-172.8" ] ],
    [ "uno:5V", "servo2:V+", "red", [ "v76.7", "h215", "v-499.2", "h-38.5" ] ],
    [ "servo2:GND", "uno:GND.3", "black", [ "v38.4", "h-38.4", "v451.2", "h-105.6" ] ],
    [ "uno:6", "servo2:PWM", "green", [ "v-96", "h80.5", "v-153.6", "h76.8" ] ]
  ],
  "dependencies": {}
}