{
  "version": 1,
  "author": "Anonymous maker",
  "editor": "wokwi",
  "parts": [
    { "type": "wokwi-arduino-uno", "id": "uno", "top": 10.2, "left": 85.8, "attrs": {} },
    {
      "type": "wokwi-rgb-led",
      "id": "rgb1",
      "top": -207.2,
      "left": 260.3,
      "attrs": { "common": "cathode" }
    },
    {
      "type": "wokwi-rgb-led",
      "id": "rgb2",
      "top": -207.2,
      "left": 404.3,
      "attrs": { "common": "cathode" }
    }
  ],
  "connections": [
    [ "uno:13", "rgb1:R", "green", [ "v0" ] ],
    [ "uno:11", "rgb1:G", "green", [ "v-144", "h58.2" ] ],
    [ "uno:GND.1", "rgb2:COM", "black", [ "v-67.2", "h240.3" ] ],
    [ "uno:GND.1", "rgb1:COM", "black", [ "v-67.2", "h105.9" ] ],
    [ "uno:10", "rgb2:R", "green", [ "v-48", "h58.3" ] ],
    [ "uno:9", "rgb2:G", "green", [ "v-28.8", "h58.4" ] ]
  ],
  "dependencies": {}
}